name,calories,protein,carbohydrate,fat,vitaminc,ingredients
ผัดซีอิ้ว เส้นใหญ่หมู,730,38.6,62.1,35.2,48.75,"wide_rice_noodle,pork, eggs, sugar, peper, garlic, kale, oil, soy sauce,
oyster sauce, baking powder"
ข้าวผัด สับปะรด ใส่กุ้ง ปลาหมึก หมูหยอง,815,54.7,77.8,30.1,38.816,"rice, fish sauce, soy sauce, garlic, sugar, celery, onions, lime, oil, eggs, pineapple, shrimp,
squid, dried pork"
หมู หยอง,115,9,11,4,0,dried pork
ข้าวผัด ปลาทู,500,30.8,67.3,12,109.209,"rice, fish sauce, soy sauce, garlic, sugar, celery, onions, lime, oil, chili,
mackerel"
ข้าวผัด กุนเชียง,597,23.5,59.7,29.4,19.38575,"rice, fish sauce, soy sauce, garlic, sugar, celery, onions, lime, oil, chili, egg
sausage"
ข้าวผัด น้ำพริก,588,24.2,47.9,33.7,35.9495,"rice, fish sauce, soy sauce, garlic, sugar, celery, onions, lime, oil, chili, cucumber, mackerel,
shrimp paste, brinjal,
eggplant,
long beans"
ข้าวผัด แฮม กะเพรากรอบ,672,10.7,55.8,45,192.155,"rice, fish sauce, soy sauce, garlic, sugar, celery, onions, lime, oil, chilli, ham, butter, peper, basil"
ข้าวผัด กะเพราคลุก,585,26.5,67.9,22.3,29.3612,"rice, fish sauce, soy sauce, garlic, sugar, celery, onions, lime, oil, chilli, pork, butter, peper, basil"
ข้าวผัด อเมริกัน,989,42.6,80.2,54.7,17.8028,"rice, sugar, onion, oil, chilli, pork, peper, salt, carrot, sausage, tomato sauce, bell pepper, soy sauce, raisin, chicken"
ข้าวผัด ปลา กระป๋อง,643,20.2,84.6,24.4,58.585,"rice, sugar, oil, chili,, peper, salt, carrot, soy sauce, mackerel, tomato sauce"
ข้าวผัด แหนม,861,29.4,80,46.9,35.7284,"rice, sugar, oil, chili,, peper, salt, carrot, soy sauce, sour pork, tomato sauce"
ข้าวราด กุ้งทอดกระเทียม,540,34.2,60.2,16.4,4.80815,"rice, garlic, oli, shrimp, soy sauce, oyster sauce, chili, fish sauce, suger"
ข้าวราด หมูกระเทียมพริกไท,618,28,66.6,25.3,6.6909,"rice, garlic, oli, pork, soy sauce, oyster sauce, chili, fish sauce, suger"
ข้าวราด ไก่ทอดกระเทียมพริกไท,774,39.9,80.6,31.5,10.4762,"rice, garlic, oli, chicken, soy sauce, oyster sauce, chili, fish sauce, suger"
ข้าวราด ผัดกะเพรา หมูกรอบ,754,14.3,50.5,54,7.1998,"rice, basil, crispy_pork, oil, chili, soy sauce, oyster sauce,sugar, salt, peper"
ข้าวราด ผัดพริกอ่อน,570,18.6,78,19.6,105.082,"rice, basil, pork, oil, chili, soy sauce, oyster sauce,sugar, salt, peper"
ข้าวราด หมูผัดพริกใบมะกรูด,792,38.8,77.8,38.7,113.14,"rice,pork, oil, chili, soy sauce, oyster sauce,sugar, salt, peper"
ข้าวราด กะเพราหมูสับไข่ดาว,594,39.1,54.1,23.8,32.735,"rice, basil, pork, oil, chili, soy sauce, oyster sauce,sugar, salt, peper, egg"
ข้าวราด แพนงกุ้ง,665,51.7,58.2,23,10.99152,"rice, shrimp, coconut milk, sugar, fish sauce, eggplant, kaffir lime leaves, curry paste"
ไข่ เจียว,409,13.4,6,36.6,0,"oil, egg, fish sauce"
ข้าวราด คะน้าหมูกรอบ,753,11.7,61.7,50.4,22.415,"rice, kale, pork, oil, chili, soy sauce, oyster sauce,sugar, salt, peper"
หมูกรอบ,692,9.8,0.4,71.9,1.05,"pork, oil, salt, vinegar"
ข้าวราด ผัดกระเพราปลากรอบ,502,22.6,51.4,22,17.022,"rice, fish, oil, chili, soy_sauce, oyster_sauce, sugar, salt, peper, basil"
พริกแกง แดง ตราไทยคิดเช่น,20,1,3,0,0,red curry paste
พริกแกง เขียว ตราไทยคิดเช่น,15,0,3,0,0,green curry paste
ข้าวราด ผัดพริกแกงปลาดุกทอดกรอบ,509,34.8,63.2,12.5,2.4405,"rice, fish, sugar, fish sauce, kaffir lime leaves, curry paste, soy sauce, chili"
ข้าวราด กุ้งผัดพริกเผา,462,19.7,56.9,24.3,162.2091,"rice, shrimp, sugar, fish sauce, soy sauce, chili paste"
ข้าวราด ผัดพริกกุ้ง,597,29,68.9,22.6,143.3247,"rice, shrimp, fish sauce, soy sauce, sugar, chili, garlic"
ข้าวราด เนื้อผัดน้ำมันหอย,565,31,63.9,21.3,30.8775,"rice, beef, fish sauce, soy sauce, sugar, oyster sauce"
ไข่เจียว หมูสับ,684,27.6,68.9,62.8,2.3686,"egg, oil, pork, fish sauce"
ข้าวราด ไข่เจียวหมูสับ,890,31.8,46.7,63.3,2.3686,"rice, egg, oil, pork, fish sauce"
ข้าวราด ไข่ระเบิด,535,20.4,51.6,26.6,15.9042,"rice, egg, oil, pork, fish sauce"
หมูหวาน,646,8.2,18.2,60,2.835,"pork, fish sauce, sugar, salt, oyster sauce, soy sauce"
น้ำจิ้ม เต้าเจี้ยว,31,1.2,4.2,0.5,4.2432,bean  paste
ข้าวมันไก่ เนื้ออก ไม่หนัง,704,42.5,88.9,18.8,28.70445,"rice, pepper, cucumber, salt, sugar, garlic, fish sauce, soy sauce, oil,
coriander, ginger, chicken"
ข้าวมันไก่ เนื้อสะโพก,765,27.5,89.1,32.2,28.70445,"rice, pepper, cucumber, salt, sugar, garlic, fish sauce, soy sauce, oil,
coriander, ginger, chicken"
ไก่ สะโพก ชุบแป้งทอด,600,29.8,28.2,40.9,0.00459,"chicken, all-purpose flour, oil, fish sauce, oyster sauce"
ไข่ ดาว,90,6.3,0.4,6.8,0,"egg, oil"
ผัดซีอิ๊ว เส้นหมี่หมูตับ,720,35.2,76.9,29,32.27,"liver, eggs, sugar, peper, garlic, kale, oil, soy sauce,
oyster sauce, baking powder"
ผัดซีอิ๊ว มาม่าหมู,983,33.7,61.8,67.9,98.3644,"pork, eggs, sugar, peper, garlic, kale, oil, soy sauce,
oyster sauce, baking powder"
ผัดหมี่ อีสาน,487,7.5,69.7,18.7,7.4042,"pork, eggs, sugar, peper, garlic, kale, oil, soy sauce,
oyster sauce, baking powder"
ต้มเลือดหมู,216,30.3,6.2,7.8,0,"pork, liver, intestine, garlic, fish sauce, soy sauce, sugar, salt, coriander, lettuce"
ผัดไทย หมูชิ้น,927,37.6,106.8,37.7,28.9329,"pork, noodle, egg, tofu, fish sauce, sugar, bean sprouts, shrimp"
ก๋วยเตี๋ยว บะหมี่แห้ง หมูมะนาว,947,47.4,80.5,55,57.2325,"pork, noodle, garlic, chili, lime, coriander, chili, spring onion"
ลูกชิ้น ปลา,117,15.6,1.2,5.1,2.4,"fish, potato flour, sugar, soy bean"
ก๋วยเตี๋ยว วุ้นเส้น เย็นตาโฟ,420,11.3,63.1,13.6,50,"vermicelli, lime, salt, tomato paste, garlic, fish sauce, coriander, soy sauce, fish ball, squid, shrimp"
ก๋วยเตี๋ยว เส้นใหญ่ เย็นตาโฟ,381,17.5,42,15.9,65.8,"wide rice noodle, lime, salt, tomato paste, garlic, fish sauce, coriander, soy sauce, fish ball, squid, shrimp"
ก๋วยเตี๋ยว เส้นใหญ่ เนื้อสับ,616,26.6,54.8,34.9,96.9564,"wide rice noodle, lime, salt, tomato paste, garlic, fish sauce, coriander, soy sauce, fish ball, squid, shrimp, beef"
ก๋วยเตี๋ยว คั่วไก่,603,55.2,58.2,18,29.375,"wide rice noodle, lime, salt, garlic, fish sauce, coriander, soy sauce, sugar, oil, egg, chicken, lettuce"
ก๋วยเตี๋ยว ผัดขี้เมา หมู,578,22.9,37.4,39,44.43,"wide rice noodle, salt, garlic, fish sauce, coriander, soy sauce, sugar, oil, pork, chili, pepper"
ผัดขี้เมา บะหมี่ กุ้ง,874,39.9,79.2,45.2,43.8494,"egg noodle, salt, garlic, fish sauce, coriander, soy sauce, sugar, oil, shrimp, chili, pepper"
หมู หมักนุ่ม,407,54.9,10.8,14.6,3.42,pork
ราดหน้า หมู,644,58.7,33.7,30,27.7267,"wide_rice_noodle, salt, garlic, fish_sauce, coriander, soy_sauce, sugar, oil, pork, chili, pepper, all-purpose_flour, kale"
ราดหน้า บะหมี่ ทะเล,594,47.8,45.1,25.1,22.9776,"egg_noodle, salt, garlic, fish_sauce, coriander, soy_sauce, sugar, oil, shrimp, squid, chili, pepper, all-purpose_flour, kale"
ผัดหมี่ ฮกเกี้ยน,796,82.9,47.9,29.9,84.815,"noodle, shrimp, squid, fish ball, oyster sauce, spring onion, sugar, soy sauce, pepper, oil,
shallot"
ยากิโซบะ หมู,430,20.4,46.4,20.2,43.243,"yakisoba noodle, oil, pork, carrot, yakisoba sauce, sugar, tomato sauce, pepper,
cabbage"
ออส่วน,510,20.2,47.4,26.6,38.615,"all-purpose flour, coriander, oyster, oyster sauce, pepper, soy sauce, egg, sugar, spring onion, chili sauce"
สปาเก็ตตี้ ปลาเค็ม,537,16.7,46.2,31.5,10.975,"spaghetti, fish, salt, pepper"
สุกี้น้ำ กุ้งหมึก,489,31.1,46.2,20.6,80.095,"vermicelli, shrimp, squid, chili, sugar, soy sauce, coriander, vinegar,water, lettuce"
น้ำจิ้ม สุกี้,244,4.5,20.4,16.6,7.845,"chili, sugar, soy sauce, coriander, vinegar,water, lettuce"
ขนมจีน แกงเขียวหวานไก่,506,23,57.6,19.6,24.18,"rice_noodle, coconut_milk, green_curry_paste, fish_sauce, sugar, salt,
eggplant, chili,
kaffir_lime_leave,
basil"
น้ำยากะทิ ปลา,329,25.1,16.7,18.2,23.985,"coconut milk, red curry paste, fish sauce, sugar, salt, fish, fish ball
eggplant, chili,
kaffir lime leave,
basil"
ขนมจีน น้ำยากะทิ ปลา,526,31.1,58,18.4,23.985,"rice_noodle,coconut milk, red curry paste, fish sauce, sugar, salt, fish, fish ball
eggplant, chili,
kaffir lime leave,
basil"
ห่อหมก ปลา,508,38.3,19.4,31.7,42.13804,"red curry paste, fish, coconut milk, palm sugar, fish sauce, egg, kaffir lime leave, cabbage, basil"
กุยช่าย ,723,14.4,109.1,27.8,257.02,"chives, flour, sugar, salt, baking soda, oil, garlic, soy sauce, vinegar, chili sauce"
ข้าวราด หมูพะโล้ ใส่ไข่,535,25.1,66.3,18.8,10.1,"rice, pork, sugar, garlic, tofu, soy sauce, chinese spice blend, oil"
ยำ วุ้นเส้น กุ้ง หมูสับ,427,40.9,30.4,17.2,132.24,"vermicelli, lime, onino, pork, shrimp, celery, tomato, chili, fish sauce, sugar"
ขนมไทย ตะโก้สาคู ข้าวโพด,660,3.6,129.9,15.3,6.141,"coconut milk, corn, small tapioca, pandan, sugar, salt"
ผักกาดดอง ต้มซีโครงหมู,412,28.2,10.4,27.9,4.5555,"pork rib, mushroom, tomato, galangal, lamon grass, shallot, chili, celery, kaffir lime leave, celery root, pepper, spring onion"
ไก่ต้มฟัก มะนาวดอง,259,41.5,13.9,5.6,68.915,"lime, chicken, gourd, pepper, coriander root, coriander, tomato"
แกงเทโพ หมูสามชั้น,791,12.4,56.5,58.6,110.4,"pork, morning glory, kaffir lime leave, coconut milk, tamarind juice, sugar, fish sauce, pepper, salt, shrimp paste, shallot"
แกงคั่ว สับปะรดกุ้ง,395,13.4,25.5,29.4,74.378,"pineapple, shrimp, red curry paste, fish sauce, sugar, kaffir lime leave, coconut milk"
ข้าวราด ผัดกะเพรา อกไก่,466,37.6,52.7,11,8.6,"rice, basil, chicken, oil, chili, soy sauce, oyster sauce,sugar, salt, peper"
ต้มยำ กุ้ง,874,161.9,52.5,5.5,68.27,"shrimp, mushroom, lemon grass, kaffir lime leave, chili, coriander, spring onion,onion , galagal, salt, fish sauce, lemon juice, water, chili paste, milk"
ไข่เจียว กุ้งสับ,283,36.5,0.9,14.3,0,"egg, fish sauce, shrimp, oil"
ปลาดอลลี่อบผลไม้,138,23.2,6.8,1.7,47,"dory fish, pineapple, apple, salt"
แซนวิชหมูหยองครีมสลัด,780,36,132,12,0,"bread, mayonnaise, shredded pork, cream"
ซูชิ แซลม่อน,84,7.5,9.8,1.4,0,"salmon, soy sauce, japanese rice"
ซูชิ ทูน่า,77,8,9.8,0.2,0,"tuna, mayonnaise, japanese rice"
ซูชิ ซาบะ,106,6.3,9.8,4.2,0.3,"mackerel, japanese rice"
แกงจืด ฟัก อกไก่,559,63.2,12.5,27.3,45.48," chicken, gourd, pepper, coriander root, coriander"
แกงเขียวหวาน อกไก่ ฟักทอง,438,32.9,12.1,27.9,12.2,"coconut milk, green curry paste, fish sauce, sugar, salt,
eggplant, chili,
kaffir lime leave,
basil, chicken"
ไข่แฮมข้าวกล้องผัก,465,33.7,54.9,11.6,40.25,"rice, ham, egg, butter, lettuce"
อกไก่ ข้าวกล้อง ผัก,455,45.8,56.7,6,17.23,"rice, chicken, lettuce, pumpkin"
ซุปเต้าเจี้ยว,208,24.7,6.1,9.8,2.4,"red miso powder, sugar, tofu, salt"
ผัดขิง,348,27.4,28.7,14.4,13.5494,"ginger, black ear mushroom, chili, garlic, oil, soy sauce, sugar, salt"
หมูหยอง,357,43.1,33.3,5.7,0,dried shredded pork
หมู ลูกชิ้น ทอด,372,13.9,16.4,27.9,0,"pork, flour, sugar, salt, soy sauce"
หมูยอ,341,13.1,3.6,30.5,0,"pork, flour, salt sugar, pepper"
ไส้กรอกเวียนนา ไก่,335,12.4,1.7,31,0,"chicken, sausage"
ไส้กรอกเวียนนา หมู,263,14.5,2.1,21.8,0,"pork, sausage"
ไส้กรอกหมู ทอด,409,9.3,20.4,32.2,0,"pork, oil, flour"
กระเพาะปลา ทอด,682,38.3,0,58.8,0,"fish, oil, fish sauce, sugar, soy sauce, ginger, pepper, coriander"
ปลาทู นึ่ง,136,24.9,0,4,0,mackerel
ปลาทูน่า ในน้ำมัน,218,23.5,0.5,13.5,0,"tuna, oil"
ปลาทูน่า ในน้ำสลัด,86,13.4,2.9,2.3,0,"tuna, cream salad"
แกงจืดเต้าหู้หมูสับใส่ผัก,320,43.8,7.4,14.2,5.18,"egg tofu, carrot, salt, spring onion, pork, soy sauce, fish sauce, sugar"
ข้าวซอยไก่,506,23,57.6,19.6,24.18,"egg noodle, chicken, coconut milk, coconut cream, curry paste, soy sauce, chili, coriander, ginger, shallot, curry powder, oil"
ผัดเห็ดหูหนูหมูสับ,564,42.9,75.6,15.9,0,"ear mushroom, egg, garlic, carrot, soy sauce, oyster sauce, spring onion, pepper, oil"
สุกี้ไก่น้ำ,261,12,41,5.5,113,"vermicelli, chicken, squid, chili, sugar, soy sauce, coriander, vinegar,water, lettuce"
ส้มตำไทย,240,13.6,38.5,5.9,423.29,"papaya, carrot, sting bean, fish sauce, sugar, lime, tomato, shrimp, penut, chili, garlic"
น้ำพริกอ่อง,346,34.5,34.9,10.2,104.602,"pork, grain, tomato, shallot, spring onion, coriander, salt, oil, water"
แซนวิชทูน่า,108,4.4,11.3,5,0,"bread, mayonnaise, tuna, cheese, onion, lemon"
น้ำพริกปลาทู,77,8.5,8.9,1.1,77.33,"mackerel, chili, shallot, garlic, spring onion, coriander, lemon grass, cucumber, cabbage, eggplant, carrot, baby corn, lime, sugar"
มันบด,147,3.4,22.4,5.1,12,"potato, butter, milk, salt, cheese"
ไก่ผัดมะเขือ,515,46,5.4,33.5,22.4,"chicken, eggplat, salt, fish sauce, oyster sauce, sugar, soy sauce"
ต้มจับฉ่าย,61,7.2,5.2,1.3,2.4,"cabbage, mushroom, spinach, kale, celery, sugar, soy sauce,bean paste,pepper, "
ไก่ผัดผักบุ้ง,450,42.7,35.2,14.2,95.8,"morning glory, garlic, chili, oyster sauce, fish sauce, sugar, oil"
คั่วกลิ้งอกไก่,205,34,9,3.9,1.77834,"chicken, kaffir lime leave, oil, lemongrass, garlic, shallot, galangal, salt, pepper, shrimp paste"
ข้าวพองปลาหยอง,90,4,14,2.5,6,"chili paste, fish, fish sauce, sugar, galangal, kaffir lime leave,"
ปลาหยอง,40,4.5,3.5,0.8,0,"fish, salt, sugar, fish sauce, soy sauce"
ปลาหยองคั่วพริกแกงใบมะกรูด,40,4.5,3,3,0,"dried shredded fish, curt paste, eggplant, kaffir lime, leave, pepper, coconut milk, sugar, fish sauce"
ปลาหยองคั่วแกงเขียวหวาน,45,4,3,1.5,0,"dried shredded fish, green curry paste, coconut milk, eggplant, kaffir lime leave, basil leave, chili, kaempferia, salt, fish sauce, sugar, oil"
ปลาหยองคั่วผัดฉ่า,40,4,3,1.5,0,"dried shredded fish, eggplant, fingerroot, kaffir lime, green pepper corn, garlic, sugar, fish sauce "
ข้าวผัดต้มยำ อกไก่,355,22.7,37.5,13,44.336,"chicken, lemongrass, galangal, kaffir lemon grass, rice, oil, chili paste, shrimp, squid, shallot, tomato, chili, salt, fish sauce, coriander"
สปาเก็ตตี้คาโบน่าร่า,742,20.2,55.9,49,20.2,"spaghetti, cream, cheese, butter, onion, sugar, pepper, ham, salt, milk"
ข้าวคลุกกะปิหมู,452,12.8,55.4,19.5,25.547,"pork, shallot, ginger, oil, rice, shrimp paste, long bean, mango, chili, lime, dry shrimp"
ข้าวอกไก่อบ ,318,37.7,28.6,4.7,69.36,"rice, chicken, coriander root, garlic, pepper, soy sauce, oyster sauce, sugar"
โจ๊กไข่ขาว,153,26.2,9.6,0.8,4.8,"egg, rice, ginger, spring onion, salt, soy sauce, muchroom"
ปลาซาบะย่าง,410,37.2,0,27.8,2,"mackerel, soy sauce, lemon, ginger"
ยำปลากระป๋อง,195,23,0.6,10.5,4.3594,"mackerel, lemongrass, shallot, chili, sugar, lime, fish sauce, coriander, basil"
น่องไก่ทอด,275,18.3,0.2,22.5,0.0594,"chicken, all-purpose, salt, pepper, oil, "
ต้มมะระผักกาดดอง,404,15.7,74.3,5.8,53,"bitter gourd, sour cabbage, garlic, coriander root, soy sauce, salt"
ผัดผักบุ้งกุ้งสด,138,27,6.3,0.5,92,"shrimp, kaffir lime leave, oil, lemongrass, garlic, shallot, galangal, salt, pepper, shrimp paste"
ข้าวผัดเนื้อปู,222,21.1,29,1.7,11.5,"rice, crab, coriander root, garlic, pepper, soy sauce, oyster sauce, sugar"
ไก่ย่างขมิ้น,189,23.4,6.1,7.4,2.972,"chicken, pepper, turmeric, salt, sugar, water"
พล่าทูน่า,104,18.2,10.1,0.2,47.6614,"tuna, lemongrass, shallot, chili, lime, fish sauce, sugar"
ผัดกระเพรากุ้งสด,138,27.6,6.3,0.9,43,"rice, basil, shrimp, oil, chili, soy sauce, oyster sauce,sugar, salt, peper"
ถั่วลิสงผสมปลาอบกรอบ,180,7,9,12,0,"peanut, crispy fish"
ยำทูน่า,189,35.7,12.2,0.2,58.272,"tuna, lemongrass, shallot, culanttro, chili, lime, fish sauce, sugar"
ปลาทอดน้ำปลา,393,74.3,6.9,5.2,0.18,"fish, oyster sauce, sugar, oil, tomato, cucumber, cabbage"
ไข่ตุ๋น,72,6.3,0.4,4.8,0,"egg, fish sauce, spring onion"
สลัดผัก,88,1.3,3.6,8.1,39,"carrot, lettuce, corn, zucchini"
ผัดไก่,446,67,29.3,7,30,"chicken, fish saucue, oyster sauce, sugar, pepper, "
ส้มตำปลาร้า,70,1.6,15.6,0.2,147.2,"papaya, carrot, sting bean, fish sauce, sugar, lime, tomato, shrimp, penut, chili, garlic, pickled fish"
อกไก่พริกไทยดำ,79,16,0,1.6,2.5,"chicken, black pepper, salt"
เส้นหมี่ลูกชิ้นเนื้อน้ำตก,273,13.5,40.5,5.5,0,"vermicelli, beef, meat ball, kale, soy sauce, fish sauce, suar ,salt,  chili, basil,garlic, water"
ซาลาเปาไส้หมูแดง,261,9.7,38.4,7.1,0,"all-purpose flour, baking soda, sugar, white butter, pork, coriander root, garlic, oystter saucee, oil, pepper, sesame oil, salt, shallot"
สลัดแขก,192,7.4,32.6,3.7,7.6,"red curry paste, coconut milk, peanut, tamarind, sugar, fish sauce, tofu, tomato, onion, lettucee, cucumber, potato"
ต้มยำรวมมิตร,203,37.3,8.6,2.8,36.536,"shrimp, squid, pork, mushroom, lemon grass, kaffir lime leave, chili, coriander, spring onion,onion , galagal, salt, fish sauce, lemon juice, water, chili paste"
แกงเห็ด,206,15.3,35.5,3.7,60.18,"mushroom, fish sauce, chili, lemon, shallot, kaffir lemon leave, lemongrass"
ตำมะม่วง,223,9.8,38.6,4.9,182,"mango, sugar, lime, dried shrimp, peanut, long bean, chili, garlic"
ต้มยำรวมมิตรน้ำข้น,185,21.8,10.3,6.6,75.96945,"shrimp, squid, pork, mushroom, lemon grass, kaffir lime leave, chili, coriander, spring onion,onion , galagal, salt, fish sauce, lemon juice, water, chili paste, milk"
ไก่ตุ๋นเครื่องยาจีน,463,70,17.8,13,8,"chicken, mushroom, chinese herb, sugar, soy sauce, pepper, salt"
น้ำพริกน้ำปู,142,12.4,19.5,3.1,189.5395,"crab, coriander, chili, garlic, shrimp paste, fish sacuse, lime, cucamber, cabbage, long bean"
ห่อหมกกุ้ง,307,52.4,22.7,1.6,86.917,"shrimp, fish, cabbage, basil, kaffir lime leave, red curry, coconut milk, egg, all-purpose flour"
ต้มผักกาด,734,64.7,28.2,38.2,3,"oil, pork, garlic, pepper, water, salt, cabbage, sugar, soy sauce"
กระเพาะปลา,320,18.8,38.6,10.4,0,"chicken, dried fish maw, egg, chicken blood, mushroom, ginger, coriander root, pepper, corn flour, coriander, oyster sauce, soy sauce"
,83,7.3,1.8,5.2,0,"chicken, dried fish maw, egg, chicken blood, mushroom, ginger, coriander root, pepper, corn flour, coriander, oyster sauce, soy sauce"
มะเขือเทศผัดไข่,208,10.8,19.6,10.1,82.5,"spring onion, oil, garlic, ginger, egg, salt, tomato, sugar"
ปลานึ่งตระไคร้,434,81.2,12.7,7,2,"fish, lemon grass, celery, lemon, soy sauce, salt, garlic, chili"
ถั่วอับมอนด์อบ(ไม่ใส่เกลือ),190,7,7,15,8,"salt, almond"
น้ำพริกอ่องปลาทูน่า,324,48.9,20.5,5.5,38,"curry paste, oil, tuna, tomato, sugar, fish sauce, spring onion, coriander, cabbage, long bean"
เมล็ดมะม่วงหิมพานต์อบเกสรเกลือ,190,6,9,14,0,"cashew, salt"
น้ำพริกกะปิ,153,12.2,23.3,1.6,56.76,"garlic, chili, shrimp paste, sugar, fish sauce, lime, cabbage, long bean, "
ปลาทูทอด,312,49.8,0,12.5,0,"mackerel, oil"
ไข่ชะอม,456,18.8,1.1,41.3,0,"acacia, egg, fish sauce"
น้ำพริกปลาทูไข่ชะอม,921,80.8,24.4,55.4,56.76,"mackerel, chili, shallot, garlic, spring onion, coriander, lemon grass, cucumber, cabbage, eggplant, carrot, baby corn, lime, sugar, egg, acacia"
โจ๊กคัพ,120,2.5,25.9,0.3,0,"rice, salt, "
ข้าวเหนียวไก่ทอด,294,31.8,21.1,8,0,"chicken, oil, salt, soy sauce, pepper, sticky rice"
ผัดกระเพราลูกชิ้น,164,15.9,2.7,9.6,15.4,"rice, basil, meat ball, oil, chili, soy sauce, oyster sauce,sugar, salt, peper"
เกี๊ยวน้ำ,415,54.7,4.9,18.7,6.9,"water, pork, shrimp, sugar, coriander, garlic, ginger, dumplig, pepper, spring onion"
แกงเหลืองหน่อไม้ดอง,149,20.5,12.5,2,2,"fish, shoot, water, curry_paste, salt, fish, sugar, tamarind"
โบโลน่าพริก ซีพี,300,17,0,22,0,"chicken, chili, salt, sugar, herb"
ผักกาดผัดน้ำปลา,90,2.4,10.1,4.7,6.18,"lettuce, fish_sauce, garlic, oil"
แกงจืดฟักใส่ไก่,176,33.1,3.4,3.7,21,"gourd, pork, garlic, coriander_root, pepper, water, soy_sauce, salt, sugar, coriander"
ไก่ผัดขิง,180,32.6,5.4,3.3,4.8,"chicken, ginger, black_ear_mushroom, chili, garlic, oil, soy sauce, pepper, sugar, salt"
หมูทงคัตสึ,400,60,20,10,0,"pork, misu, all-purpose_flour, egg, breadcrumb, oil, cabbage, lemon, salt"
กุ้งผัดกะปิ,683,86.3,77.9,2.8,241.18,"shrimp, shallot, curry_paste, oil, oyster_sauce, sugar, chili"
ผัดซีอิ้วไก่,426,44,33.7,14.5,47,"wide_rice_noodle, chicken, eggs, sugar, peper, garlic, kale, oil, soy sauce,
oyster sauce, baking powder"
ผัดพริกแกงหมูกับหน่อไม้,41,3.9,7.9,0.5,10.57,"pork, long_bean, soy_sauce, oyster_sauce, red_curry_paste, sugar, kaffir_lime_leave, chili, oil, shoot"
ก๋วยเตี๋ยวไก่,603,55.2,58.2,18,29.375,"chicken, noodle, garlic, chili, lime, coriander, chili, spring_onion, water"
หมูผัดพริกแกง,539,63.3,9.2,26.7,32.4402,"pork, long_bean, soy_sauce, oyster_sauce, red_curry_paste, sugar, kaffir_lime_leave, chili, oil"
หมูผัดเผ็ด,359,46.5,3.7,16.5,11.729502,"curry_paste, oil, coconut_milk, fish sauce, sugar, pork, chili, krachai, pepper, kaffir_lime_leave"
ข้าวผัดปลา,130,2.7,28.2,0.3,0,"rice, fish, coriander root, garlic, pepper, soy sauce, oyster sauce, sugar"
ต้มยำปลาน้ำใส,339,40.6,7.5,16.1,10.5,"fish, mushroom, lemon_grass, kaffir_lime_leave, chili, coriander, spring_onion,onion , galagal, salt, fish sauce, lemon_juice, water, chili_paste"
ต้มยำปลาน้ำข้น,447,45.3,40.3,14.4,316.68,"fish, mushroom, lemon_grass, kaffir_lime_leave, chili, coriander, spring_onion,onion , galagal, salt, fish sauce, lemon_juice, water, chili_paste, milk"
ปลาทับทิมย่างเกลือ,96,20.1,0,1.7,0,"ruby_fish, lemon_grass, celery, lemon, salt, garlic, chili"
ยำวุ้นเส้นทะเล,427,40.9,30.4,17.2,132.24,"vermicelli, lime, onino, squid, shrimp, celery, tomato, chili, fish sauce, sugar, crab, fish"
ข้าวต้มปลากระพง,130,2.7,28.2,0.3,0,"sanpper, water, soy_sauce, galangal, celery, rice, salt"
กุ่ยช่ายพร้อมซอส,362,7.2,54.5,13.9,128.51,"oil, chives, egg, bean_sprout, spring_onion, sweet_soy_sauce, pepper, salt, sugar, flour, baking_soda"
พะแนงหมู,463,20.3,9,38.3,2.18,"chili, lemon_grass, kaffir_lime_leave, shallot, garlic, pepper, coriander_root, salt, shrimp paste, pork, coconut_milk, fish_sauce, sugar, basil, sugar"
ราดหน้าไก่,673,73.4,46.5,22.3,4.21,"chicken, kale, cabbage, carrot, wide_rice_noodle, soy_sauce, sugar, water, oyster_sauce, corn_flour, bean_paste"
ผัดมะระใส่ไข่,227,7.9,7,18.5,3,"bitter_gourd, garlic, coriander_root, soy sauce, salt, egg, oyster_sauce"
แหนมซี่โครงหมู,228,19.2,0.8,16.3,0,"pork, garlic, rice, salt, soy_sauce"
เกาเหลาน้ำตกหมู,413,41.7,3.1,24.7,91,"pork, chilli, shallot, fish_sauce, lime, spring_onion, basil, water, pork_blood"
ผัดมะเขือยาว,130,3,18,5.1,9,"eggplant, pork, shallot, garlic, chili, shrimp_paste, fish_sauce, sugar, oyster_sauce, soy_sauce"
ตำป่า,307,21.6,54.9,2,250.41,"chili, sugar, long_bean, eggplant, crab, lime, tamarind, shoot, cabbage, carrot, dried_shrimp, rice_noodle, clam, papaya, fermented_fish_sauce, fish_sauce, sugar, salt"
ผัดผักบุ้งหมู,650,19.2,12.9,61.7,91,"morning glory, garlic, chili, oyster sauce, fish sauce, sugar, oil, pork"
ต้มจับฉ่ายหมู,136,6.4,9.2,9,134,"cabbage, mushroom, spinach, kale, celery, sugar, soy_sauce, bean_paste, pepper, pork "
ยำหมูยอ,125,4.2,14,6.3,42.5594,"lime, onino,celery, tomato, chili, fish sauce, sugar, pork_sausage"
คั่วกลิ้งหมู,749,44.2,18.7,57.9,6.79502,"pork, kaffir lime leave, oil, lemongrass, garlic, shallot, galangal, salt, pepper, shrimp paste"
มะม่วงน้ำปลาหวาน,395,6.7,93,2,183.207,"mango, sugar, shallot, dried_shrimp, fish_sauce, chili, shrimp+pastt, salt,"
ยำปลาทู,129,18.2,8.1,2.9,19.8314,"lime, onino,celery, tomato, chili, fish sauce, sugar, mackerel"
แกงส้มผักรวม,124,5.7,25,1.2,168.80834,"lettuce, long_bean, shallot, chilli, tamarind, curry_paste, salt, shrimp, cabbage"
ยำเห็ด,164,11.4,33.8,1.7,26.8684,"lime, onino,celery, tomato, chili, fish sauce, sugar, mushroom, black_ear_mushroom, staw_mushroom, golden_mushroom"
แกงส้มมะละกอ,60,1.3,12.9,0.1,82.8597,"lettuce, long_bean, shallot, chilli, tamarind, curry_paste, salt, shrimp, papaya"
ผัดเปรี้ยวหวานปลา,116,23.5,0,1.7,0,"fish, garlic, corn, pineapple, cucumber, bell_pepper, tomato, onion, spring_onion,oil, fish_sauce, sugar, oyster_sauce, vinegar"
ข้าวต้มปลา,220,21,28.2,1.6,0,"fish, water, soy_sauce, galangal, celery, rice, salt"
ผัดคะน้าใส่ไข่,28,1.9,5.6,0.4,68,"kale, pork, oil, chili, soy sauce, oyster sauce,sugar, salt, peper, egg"
ซุปผักโขม,410,13,33,25,0,"spinach, garlic, onion, potato, cream, salt, pepper"
กระเพราเต้าหู้ทอด,175,10,0,15,0,"basil, pork, oil, chili, soy sauce, oyster sauce,sugar, salt, peper, tofu"
ยำเบคอน,332,9.5,17.4,26,22.3239,"lime, onino,celery, tomato, chili, fish sauce, sugar, mushroom, bacon"
เห็ดและเต้าหู้ผัดน้ำมันหอย,150,5,10,10,0,"mushroom, black_ear_mushroom, staw_mushroom, golden_mushroom, tofu, oyster_sauce, fish_sauce, sugar, salt"
ฟักทองผัดไข่,242,14.3,9.1,16.3,8,"pumpkin, egg, soy_sauce, fish_sauce, oyster_sauce, sugar, salt"
ผัดพริกแกงไก่,297,36.4,27.8,4.8,1.59834,"chicken, long_bean, kaffir_lime_leave, chili, red_curry_paste, sugar, fish_sauce, oil"
ลาบไก่,165,32.2,2.6,3.3,15.4,"chicken, shallot, spring_onion, chili, basil, lime, fish_sauce, parsley, roasted_rice"
ไข่พะโล้,210,14.2,2.7,16.4,0,"egg, tofu, garlic, soy_sauce, sugar, chinese_five_spice, oil, seasoning_sauce"
หมูทอด,405,20.2,0.8,35.3,1.084,"pork, soy_sauce, fish_sauce, oil, sugar, salt"
หมูกรอบทอด,692,9.8,0.4,71.9,1.05,"pork, soy_sauce, fish_sauce, oil, sugar, salt"
น้ำพริกลงเรือ,245,31.7,15.6,6.2,0,"oil, chili, garlic, shrimp_paste, sugar, fish_sauce, lime, egg_yolk, cabbage, long_bean"
น้ำพริกมะขาม,535,69.6,34.1,13.4,1,"tamarind, chili, garlic, dried_shrimp, sugar, shrimp_paste, oil, pork, cabbage, long_bean, cucumbert"
เต้าหู้ทอดผัดผงกะหรี่,455,16.6,16.3,37.5,6.063,"tofu, oil, milk, curry_powder, oyster_sauce, soy_sauce, sugar, egg, chili_paste, garlic, onion, bell_pepper, spring_onion"
เต้าหู้ทอดผัดไข่,238,17.2,10.8,14.9,1.62,"tofu, oil, chili, soy sauce, oyster sauce,sugar, salt, peper, egg"
มาม่าผัดไข่,636,21.4,44.9,40.8,30,"egg_noodle, oil, chili, soy sauce, oyster sauce,sugar, salt, peper, egg"
เกี๊ยวซ่าเห็ด,120,2,5,10,0,"dumpling_dough, mushroom, cabbage, garlic, ginger, soy_sauce, sugar, pepper, salt, vinegar, layu"
เห็ดผัดน้ำมันหอย,164,7,16.2,9.8,0,"mushroom, black_ear_mushroom, staw_mushroom, golden_mushroom, oyster_sauce, fish_sauce, sugar, salt, oil"
ก๋วยจั๊บหลอดน้ำข้น,230,39.5,0.5,8,0,"rice_noodle, pork, water, coriander, stock, garlic, galanga, soy_sauce, salt, sugar, egg"
ข้าวจี่,186,4.4,32.2,3.9,0,"sticky_rice, egg, fish_sauce"
ผัดผักรวมมิตร,228,5.9,20.9,14.3,52.1,"cabbage, broccoli, carrot, asparagus, mushroom, bell chili, baby corn, ear mushroom, garlic, oil, soy sauce, sugar, salt, pepper"
ผัดหมี่ทะเล,580,35.2,82.7,10.9,4,"thin_rice_noodle, egg, chili, challot, oil, fish_sauce, sugar, tofu, spring_onion, bean, tamarind, shrimp, squid"
หมูผัดพริกไทยดำ,210,22.2,8,9.5,8.4,"pork, oil, garlic, oyster_sauce, soy_sauce, fish_sauce, pepper, onion, sugar"
หมูสามชั้นผัดกะปิ,246,12.1,1,21.4,0.5,"oil, pork, garlic, chili, shrimp_paste, kaffir_lime_leave, sugar, mushroom_sauce, soy_sauce"
ผัดบวบใส่ไข่,155,9.2,8.4,10,68.8,"zucchini, oil, chili, soy sauce, oyster sauce,sugar, salt, peper, egg"
ไก่ทอดกระเทียมพริกไทย,223,27.6,6.7,8.6,1,"garlic, oli, chicken, soy sauce, oyster sauce, chili, fish sauce, suger"
หมูทอดกระเทียม,166,23,1,7.1,1,"garlic, oli, pork, soy sauce, oyster sauce, chili, fish sauce, suger"
เห็ดนางฟ้าทอด,153,3.3,6.1,13.9,0,"oyster_mushroom, flour, salt, fish_sauce, oil"
กุ้งทอดซอสมะขาม,280,21.1,17,14,38,"shrimp, shallot, oil, coriander, tamarind, sugar, fish_sauce, all-purpose_flour"
พะแนงไก่,181,20.5,3.9,9.5,1.99917,"chili, lemon_grass, kaffir_lime_leave, shallot, garlic, pepper, coriander_root, salt, shrimp paste, chicken, coconut_milk, fish_sauce, sugar, basil, sugar"
คั่วกลิ้งปลาแซลมอน,676,57.6,76.2,17.9,50.089,"salmon, kaffir lime leave, oil, lemongrass, garlic, shallot, galangal, salt, pepper, shrimp paste"
ผัดกระเพรารวมมิตรทะเล,540,46.76,44.25,31.73,19.8,"rice, basil, shrimp, squid oil, chili, soy sauce, oyster sauce,sugar, salt, peper, egg"
แกงจืดผักกาดขาวเต้าหู้ไข่หมูสับ,200,12,1.5,20,0,"lettuce, pork, tofu, garlic, coriander_root, pepper, water, soy_sauce, salt, sugar, coriander, vegetable_stock"
ลาบหมู,589,39.5,38.3,32,322.384,"pork, shallot, spring_onion, chili, basil, lime, fish_sauce, parsley, roasted_rice"
เกาเหลาเนื้อตุ๋น,432,20.4,21.8,30.5,50.479,"beef, morning_glory, stock, coriander_root, coriander, soy_sauce, salt, sugar, bean_sprout, lettuce, garlic, pepper"
ไข่ลูกเขย,155,12.6,1.1,10.6,0,"egg, vinegar, oil, sugar, fish_sauce, tamarind, shallot, chili, coriander"
ผัดมักกะโรนี,533,11.1,31.1,41.6,518.18,"macaroni, shrimp, tomato sauce, egg, onion, salt, pepper, spring_onion"
ตำหอยแครง,450,65,18.4,11.8,98.96,"papaya, carrot, long_bean, fish sauce, sugar, lime, tomato, shrimp, penut, chili, garlic, clam"
ปลาดุกทอด,152,20,0,7.9,3,"catfish, oil"
ส้มตำไข่เค็ม,172,12.3,14.2,6.9,89.2,"papaya, carrot, sting_bean, fish sauce, sugar, lime, tomato, shrimp, penut, chili, garlic, egg"
เกาเหลาไก่ตุ๋นมะระ,228,24,13.5,9.4,113,"chicken, water, bitter_gourd, soy_sauce, bean_sauce, pepper, sugar, garlic, cabbage, coriander, spring_onion, salt, celery"
ยำแหนมหนังหมู,578,35.1,16,41.5,11.23,"lime, onino,celery, tomato, chili, fish sauce, sugar, sour_pork, pork_skin"
ข้าวต้มกุ้ง,203,26.1,22.7,0.5,0,"shrimp, water, soy_sauce, galangal, celery, rice, salt"
สปาเก็ตตี้ผัดขี้เมาไก่,460,24,66,10,0,"spaghetti, chicken, oil, salt, chili, green_peppercorn, garlic, soy_sauce, oyster_sauce, fish_sauce, sugar, basil"
ก๋วยเตี๋ยวต้มยำทะเล,320,400,250,50,0,"chili, coriander, spring_onion,onion , salt, fish sauce, lemon_juice, water, chili_paste, shrimp, squid, meat_ball"
ข้าวโพดต้ม,86,3.2,19,0,0,"corn, water, sugar"
ผักโขมอบชีส,452,29.8,8.6,34.6,94,"cheese, garlic, butter, salt, pepper, milk, spinach"
ข้าวผัดไก่,645,9.7,87.1,28.1,19.05375,"rice, fish_sauce, soy_sauce, garlic, sugar, celery, onions, lime, oil, chili, chicken
mackerel"
ยำถั่วพู,335,42,28.1,7.2,2,"winged_bean, pork, shrimp, coconut_milk, bean, shallot, chili, lettuce, coconut, betel_leave, garlic, sugar, fish_sauce, lime"
มาม่าเกาหลี,510,12,66,22,4,"garlic, pork, lettuce, soy_sauce, korean_paste, sugar, korean_noodle, spring_onion, sesame"
แซลมอนซาชิมิ,136,21.3,0,5.6,0,salmon
ข้าวเหนียวหมูปิ้ง,586,25.8,44.3,33.3,52.36,"stricy_rice, pork, oyster_sauce, soy_sauce, sugar"
ราดหน้าเส้นหมี่กุ้งหมึก,277,16,50.9,1.6,27.01,"thin_rice_noodle, salt, garlic, fish_sauce, coriander, soy_sauce, sugar, oil, shrimp, squid, chili, pepper, all-purpose_flour, kale"
หมี่กรอบราดหน้าทะเล,648,34.3,48.6,35.2,27.68,"fried_rice_noodle, salt, garlic, fish_sauce, coriander, soy_sauce, sugar, oil, shrimp, squid, chili, pepper, all-purpose_flour, kale"
ข้าวราดหมูกรอบผัดพริกแกง,719,11.3,52.9,51.2,3.72168,"rice, crispy_pork, long_bean, soy_sauce, oyster_sauce, red_curry_paste, sugar, kaffir_lime_leave, chili, oil"
ข้าวราดหมูกรอบผัดพริดเผา,891,12.5,47.1,71.9,6.8406,"rice, crispy_pork, long_bean, soy_sauce, oyster_sauce, chili_paste, sugar, kaffir_lime_leave, chili, oil"
ข้าวหน้าเป็ด,559,25.5,56.3,24.9,0,"duck, rice, ginger, bog_choy, dark_soy_sauce, salt, vinegar, sugar, chili, garlic, bean_paste, chinese_five_spice, sesame_oil, corn_flour, bean_sauce"
ข้าวหมูกรอบ,864,13.2,74.9,55.6,0.735,"crispy_pork, rice, cucumber"
คอหมูย่าง,372,40.6,0,22.1,0,"pork, oyster_sauce, soy_sauce, sugar, chili, spring_onion, roasted_rice"
กุ้งอบวุ้นเส้น,591,33.1,113.3,0.4,5.8,"vermicelli, shrimp, ginger, garlic, pepper, celery, oyster_sauce, soy_sauce, sugar, oil"
ปูผัดผงกะหรี่,746,73.9,40.3,30.8,33.843,"crab, oil, milk, curry_powder, oyster_sauce, soy_sauce, sugar, egg, chili_paste, garlic, onion, bell_pepper, spring_onion"
ข้าวผัดแซลม่อน,572,44,4.9,42.4,94.08,"rice, fish_sauce, soy_sauce, garlic, sugar, celery, onions, lime, oil, chili, salmon"
หมูแดดเดียว,219,20.4,4.3,12.9,0,"pork, salt, fish_sauce, oyster_sauce"
ฮ่อยจ๊อปู,79,8.1,2.1,4,2.3,"pork, crab, salt, pepper, oil, sugar, garlic, soy_sauce, gypsum"
ผัดหมี่ซั่ว,491,7,81,14.6,0,"thin_rice_noodle, egg, chili, challot, oil, fish_sauce, sugar, tofu, spring_onion, bean, tamarind, tofu"
ผัดดอกกะหล่ำ,235,15.8,19.7,13.1,188.636,"cauliflower, carrot, pork, garlic, fish_sauce, sugar, salt, potato"
หมูสามชั้นทอดน้ำปลา,335,46.5,0.7,15.2,0.18,"pork, oil, fish_sauce, sugar, garlic"
สปาเก็ตตี้ผัดฉ่าทะเล,186,19.8,3.7,10,44.09,"spaghetti, shrimp, garlic, chili, green_peppercorn, basil, oyster_sauce, soy_sauce, fish_sauce, sugar, squid"
กะหล่ำปลีผัดหมูกรอบ,723,11.1,6.4,72,61.05,"crispy_pork, cabbage, fish_sauce, sugar, salt, pepper"
ผัดผักบุ้งหมูกรอบ,594,15.2,9.6,54.5,273.7875,"crispy_pork, morning_glory, fish_sauce, garlic, sugar, salt, oyster_sauce, oil"
สามชั้นคั่วพริกเกลือ,673,12.1,0,68.9,1.3,"crispy_pork, chili, garlic, salt, fish_sauce, sugar"
แกงเขียวหวานหมู,413,48.6,14.5,16.6,63.6,"coconut_milk, green_curry_paste, fish_sauce, sugar, salt,
eggplant, chili,
kaffir_lime_leave,
basil, pork"
ยำเส้นแก้ว,359,45.1,1,18.6,15.8,"glass_noodle, lime, onino, squid, shrimp, celery, tomato, chili, fish_sauce, sugar, pork "
สเต็กไก่เทอริยากิ,420,69,6,18,0,"chicken, teriyaki_sauce, cabbage, pepper, carrot"
หมูผัดพริกหยวก,130,15.2,3.2,6,42.6,"pork, bell_pepper, sugar, pepper, salt, fish_sauce, soy_sauce, oyster_sauce, onion, spring_onion"
ยำไข่ดาว,368,44.3,2.5,19.3,1.2,"egg, lime, onino, squid, shrimp, celery, tomato, chili, fish_sauce, sugar, pork "
หมูผัดกะปิ,418,48.6,1,23.6,3,"pork, shallot, curry_paste, oil, oyster_sauce, sugar, chili"
หมูอบเห็ดหอม,313,46.6,7.3,10,3,"pork, mushroom, coriander_root, ginger, garlic, soy_sauce, sugar, water, oil"
กระเพราหมึก,233,39.6,2.6,6.9,16,"fish_sauce, soy_sauce, garlic, sugar, celery, onions, lime, oil, chilli, squid, butter, peper, basil"
หมึกผัดกะปิ,285,27.6,2,17.8,17,"squid, shallot, curry_paste, oil, oyster_sauce, sugar, chili"
หมูผัดซอส,411,50.2,8,18.7,2,"pork, teriyaki_sauce, cabbage, pepper, carrot, oil"
ข้าวหมูแดง,709,105.6,9.8,28.6,0,"pork, rice, sesame_oil, sugar, salt, soy_sauce, chinese_sausage, coriander, spring_onon, ketchup, boiled_egg"
ผัดวุ้นเส้นเต้าหู้,504,9.9,95.8,9.6,0,"vermicelli, egg, garlic, shallot, oil, sugar, soy_sauce, oyster_sauce, spring_onion, pepper, coriander"
บะหมี่ผัดเทอริยากิ,275,13.4,51.5,2,8.4,"egg_noodle, oil, teriyaki_sauce, pork, cabbage, garlic"
บาร์บีคิวหมู,139,23.8,4,2.7,38,"pork, bbq_sauce, sugar, oil, onion, garlic, pepper, chili, ketchup, salt, vinegar"
ข้าวผัดทะเล,321,42.3,31.5,1.9,8,"rice, fish_sauce, soy_sauce, garlic, sugar, celery, onions, lime, oil, chili, shrimp, squid"
หลนกุ้ง,709,33.8,85.7,24.3,118.9,"shrimp, pork, shallot, pepper, kaffir_lime_leave, coconut_milk, sugar, fish_sauce, tamarind"
บะหมี่หมูแดง,381,17.5,42,15.9,65.8,"water, por, shrimp, sugar, coriander, garlic, ginger, dumplig, pepper, spring onion, egg_noodle, pork"
ห่อหมกปลากราย,337,27.9,49.8,3.7,241.59834,"fish, coconut_milk, red_curry_paste, fish_sauce, sugar, corn_flour, egg, basil, kaffir_lime_leave, chili"
ข้าวปลาซาบะย่างซีอิ้ว,336,21.2,28,14.8,1,"teriyaki_sauce, cabbage, pepper, carrot, rice, mackerel"
ข้าวไก่ผัดพริกไทยดำ,335,37.1,38.1,4.4,41.175,"rice, chicken, bell_pepper, onion, garlic, ginger, pepper, oyster_sauce, soy_sauce, sugar, sesame_oil, oil, coriander, sesame"
ปลาดอลลี่นึ่งมะนาว,126,3.5,26.7,0.9,27.4,"fish, garlic, fish_sauce, lime, coriander, chili"
ไชโป๊ผัดไข่,415,20.5,64.1,10.2,0,"radish, oil, garlic, egg, shallot, sugar, fish_sauce"
เมี่ยงปลาทอด,559,87.6,28.5,12,37.082,"fish, flour, oil, ginger, lime, lemon_grass, shallot, chili, cashew, betel_leave, sugar, fish_sauce, tamarind"
ไก่ทอด,245,30,1.8,12,0,"chicken, oil, flour, soy_sauce, salt, sugar"
ผัดพริกหยวกไก่,339,34.6,13.3,17,135,"chicken, bell_pepper, sugar, pepper, salt, fish_sauce, soy_sauce, oyster_sauce, onion, spring_onion"
ผักบุ้งทอดกรอบ,319,9,38.9,14.2,91,"morning glory, garlic, chili, oyster sauce, fish sauce, sugar, oil"
แกงกะทิปู,829,38.3,31.8,60.6,21.97668,"crab, coconut_milk, shallot, lemon_grass, salt, coconut, chili, lettuce, long_bean"
ซุปกิมจิซี่โครงหมู,894,62.7,18.1,61.8,25.962,"kimgi, water, pork, spring_onion, salt, sugar, gochujang, soy_sauce, tofu, egg, chili"
ต้มเล้งแซ่บ,434,43.1,17.9,22.4,146.19,"pork, onion, garlic, coriander_root, chili, lime, sugar, fish_sauce, lemon_grass"
ตับหวาน,363,46.8,26.1,8.3,118.936,"liver, shallot, spring_onion, chili, basil, lime, fish_sauce, parsley, roasted_rice"
ทอดมันปลากราย,219,13.6,8.3,15.2,6.49024,"fish, curry_paste, kaffir_lime_leave, sugar, fish_sauce, vinegar, salt, chili, long_bean, cucumber"
ขาหมูพะโล้,279,21.3,20.4,12.4,4.111,"pork, tofu, garlic, soy_sauce, sugar, chinese_five_spice, oil, seasoning_sauce"
แกงจืดไข่น้ำ,553,34.7,6,42.5,1,"pork, garlic, coriander_root, pepper, water, soy_sauce, salt, sugar, coriander, egg"
ข้าวผัดคะน้าปลาทู,613,45.5,41.9,29.4,63.36,"rice, fish_sauce, soy_sauce, garlic, sugar, celery, onions, lime, oil, chili, mackerel, kale"
ลาบไก่ทอด,304,47.2,15.6,6.2,33.8422,"chicken, oil, shallot, spring_onion, chili, basil, lime, fish_sauce, parsley, roasted_rice"
ข้าวผัดกระเพราทูน่า,258,37.5,23.7,0.9,0.18,"rice, basil, tuna, oil, chili, soy sauce, oyster_sauce,sugar, salt, peper"
ผัดกะหล่ำใส่กุ้ง,269,39.1,17.1,5.1,63,"shrimp, cauliflower, fish_sauce, sugar, salt, pepper, oyster_sauce"
ผัดผักกาดใส่กุ้ง,320,53.5,17.1,5.2,7.45,"shrimp, lettuce, fish_sauce, sugar, salt, pepper, oyster_sauce"
เกี๊ยวน้ำไก่,334,43.2,31.2,4.4,9.5,"water, chicken, sugar, coriander, garlic, ginger, dumplig, pepper, spring onion"
หมูสะเต๊ะ,347,36.6,10.6,16.5,2.2,"pork, onion, coriander_seed, galangal, lemon_grass, coconut_milk, curry_powder, pepper, salt"
ปลาสลิดทอด,190,0,0,0,0,"gourami, oil, salt"
ข้าวหมูย่างเกลือ,440,16,67,12,20,"rice, pork, salt, pepper, sugar, fish_sauce"
สเต็กเนื้อ,133,21,0,5,0,"beef, pepper, salt"
ทอดมันกุ้ง,85,20.1,0,0.5,64,"shrimp, pork, coriander_root, garlic, pepper, sugar, salt, soy_sauce, oyster_sauce, flour, breadcrumb"
ก๋วยเตี๋ยวผัดปู,360,11.1,21.8,9.1,17.3,"chili, shallot, garlic, oil, sugar, tamarind, water, salt, noodle, crab, gried_shrimp, cucamber, lettuce, bean_sprout"
ยำมะระกุ้งสด,84,10,10.1,0.5,0,"bitter_gourd, shrimp, fish_sauce, sugar, lime, garlic, chili, shallot, coriander"
หอยลายผัดพริกเผา,93,5.5,5.1,5.6,0,"baby_clam, chili_paste, basil, garlic, oyster_sauce, sugar, fish_sauce"
แกงเผ็ดเป็ดย่าง,255,9.5,13,18.2,0,"duck, coconut_milk, tomato, basil, pineapple, chili, kaffir_lime_leave, eggplant, sugar, red_curry_paste, fish_sauce, oil"
ก๋วยเตี๋ยวหลอดทรงเครื่อง,390,22.4,48.2,11.9,0,"oil, garlic, tofu, radish, shrimp, pork, soy_sauce, oyster_sauce, sugar, bean_sprout, spring_onion, wide_rice_noodle, dried_shrimp, coriander,chili, vinegar"
ขนมจีนน้ำเงี้ยว,308,18.9,45.6,5.6,70,"curry_paste, oil, pork, opera_flower, tomato, water, sugar, salt, chicken_blood, spring_onion, corian, garlic, chili, cabbage, lime, bean_sprout, rice_noodel"
ปลาทู 3 รส,203,15.7,14.5,9.1,15,"mackerel, chili, garlic, coriander, fish_sauce, sugar, tamarind_oil"
ข้าวราดแกงฉู่ฉี่ปลาทู,307,13,45,8.3,51,"mackerel, milk, red_curry_paste, salt, water, sugar, fish_sauce, kaffir_lime_leave, oil, rice"
ข้าวราดแกงมัสมั่นไก่,487,15.5,65.7,18,19,"chicken, tomato, coconut_milk, seasoning_sauce, curry_paste, sugar, oil, onion, rice"
ขนมผักกาดใส่ไข่,196,4.3,18.9,11.5,1,"all-purpose_flour, rice_flour, egg, water, radish, dried_shrimp, mushroom, bean, pepper, salt, oil"
แกงขี้เหล็ก,182,2.8,0,19,1,"cassia_leave, oil, curry_paste, coconut_milk, dried_shrimp, coconut_milk, salt, fish_sauce, sugar, kaffir_lime_leave"
ขนมจีนน้ำยาป่า,66,2,13.1,0.6,1.4,"red_curry_paste, krachai, fish, water, fish_ball, fish_sauce, kaffir_lime_leave, chili, spring_onion, long_bean, rice_noodle"
ซุปหน่อไม้,41,2.5,6,0.8,1,"bamboo_shoot, fermented_fish_sauce, yaa_nang_leave, salt, fish_sauce, lime, parsley, spring_onion, mint, roated_rice, chili"
แกงไก่ใส่หยวกกล้วย,124,6.7,0,10,0.1,"chicken, water, oil, chili, salt, garlic, shallot, lemgrass, shrimp_paste, fish_sauce, banana_stalk"
แกงมัสมั่นเนื้อ,252,50.2,0,23.4,34,"beef, milk, red_curry_paste, salt, water, sugar, fish_sauce, kaffir_lime_leave, oil"
แกงฮังเล,215,11.1,5.2,16,49,"pork, sugar, tamarind,  ginger, garlic, peanut, curry_powder, chili, shallot, lemon_grass, galangal, salt, shrimp_paste"
กานาฉ่าย,249,1.5,7.2,23.7,1.6,"black_olive, oil, sour_lettuce, mushroom, sugar, soy_sauce"
ข้าวผัดกะเพราตับ,192,6.6,27.2,6.3,11,"rice, basil, liver, oil, chili, soy sauce, oyster sauce,sugar, salt, peper, egg"
กุ้ง ชุปแป้งทอด,221,8.6,23.6,10.2,0,"shrimp, flour, salt"
แกงเหลืองปลา,41,7.9,1.3,0.1,0,"fish, bamboo_shoot, water, curry_paste, salt, fish_sauce, sugar, tmarind, chili, lemon_grass, garlic, shrimp_paste, turmeric"
เต้าเจี้ยวหลน,72,3.5,8,2.9,29,"pork, soy_sauce, shallot, pepper, kaffir_lime_leave, egg, coconut_milk"
ผัดฉ่าปลาดุก,75,6.8,0,5.9,20,"catfish, garlic, chili, green_peppercorn, basil, oyster_sauce, soy_sauce, fish_sauce, sugar"
กระเพาะปลา เส้นหมี่,60,3.75,9.46,0.75,0,"fish, oil, fish_sauce, sugar, soy sauce, ginger, pepper, coriander, thin_rice_noodle"
ก๋วยจั๊บน้ำข้น,67,3.91,8.49,1.88,0,"rice_noodle, pork, water, coriander, stock, garlic, galanga, soy_sauce, salt, sugar, egg"
ก๋วยเตี๋ยวแขก (ก๋วยตี๋ยวแกง) ,131,6.6,9.4,7.4,0,"chicken, red_curry_paste, coriander_root, galangal, curry_powder, coconut_milk, sugar, fish_sauce, noodle, tofu, spring_onion, water"
ก๋วยเตี๋ยวคั่วไก่,198,6.94,23.77,8.36,0,"wide_rice_noodle, lime, salt, garlic, fish_sauce, coriander, soy_sauce, sugar, oil, egg, chicken, lettuce"
ก๋วยเตี๋ยวเนื้อสับ,112,3.5,15.2,4.1,1,"noodle, beef, soy_sauce, lettuce, garlic, onion, tomato, water, sugar, pepper, celery, chili"
ก๋วยเตี๋ยวผัดไทย ใส่ไข่,239,7.7,24.3,12.3,1,"noodle, egg, tofu, fish_sauce, sugar, bean_sprout, shrimp, tamarind"
ก๋วยเตี๋ยวเส้นบะหมี่ หมู แห้ง,190,10.89,17.54,8.47,0,"pork, noodle, garlic, chili, lime, coriander, chili, spring_onion, egg_noodle"
ก๋วยเตี๋ยวเส้นเล็ก แคระ น้ำ,112,3.04,11.47,5.95,0,"pork, noodle, garlic, chili, lime, coriander, chili, spring_onion, thin_rice_noodle, water, fish_ball"
ก๋วยเตี๋ยวเส้นเล็ก ลูกชิ้น เนื้อสด น้ำ,65,5,9.88,0.6,0,"beef, noodle, garlic, chili, lime, coriander, chili, spring_onion, thin_rice_noodle, water, meat_ball"
ก๋วยเตี๋ยวเส้นเล็ก หมู ต้มยำ,117,5.4,12.47,5.08,0,"pork, noodle, garlic, chili, lime, coriander, chili, spring_onion, thin_rice_noodle, water, chili_paste"
ก๋วยเตี๋ยวเส้นเล็ก หมู ตับ แห้ง,227,8.2,21.2,12.2,0,"pork, garlic, chili, lime, coriander, chili, spring_onion, thin_rice_noodle, liver, water"
ก๋วยเตี๋ยวเล้นเล็ก หมู น้ำตก,81,4.61,11.64,1.78,0,"pork, garlic, chili, lime, coriander, chili, spring_onion, thin_rice_noodle, liver, water, pork_blood"
ก๋วยเตี๋ยวเล้นเล็ก หมู แห้ง,271,9.12,31.83,11.86,0,"pork, garlic, chili, lime, coriander, chili, spring_onion, thin_rice_noodle"
ก๋วยเตี๋ยวเส้นเล็ก หมูเลียง น้ำ,79,3.7,1215,1.74,0,"pork, garlic, chili, lime, coriander, chili, spring_onion, thin_rice_noodle, liver, water, cotyledon"
ก๋วยเตี๋ยวเส้นหมี่ ต้มยำ,94,5.02,9.67,3.86,0,"vermicelli, chili, coriander, spring_onion,onion , salt, fish sauce, lemon_juice, water, chili_paste, shrimp, squid, meat_ball"
ก๋วยเตี๋ยวเส้นหมี่ เนื้อ น้ำตก,64,5.24,9.15,0.69,0,"beef, garlic, chili, lime, coriander, chili, spring_onion, vermicelli, liver, water, beef_blood"
ก๋วยเตี๋ยวเส้นหมี่ ลุกชิ้น น้ำ,43,2.54,5.22,1.3,0,"noodle, garlic, chili, lime, coriander, chili, spring_onion, vermicelli, water, fish_ball, pork_ball"
ก๋วยเตี๋ยวเส้นหมี่ ลุูกชิ้นเนื้อวัว น้ำ,51,2.7,8,0.9,0,"noodle, garlic, chili, lime, coriander, chili, spring_onion, vermicelli, water, fish_ball, pork_ball"
ก๋วยเตี๋ยวเส้นหมี่ หมูตุ๋น แห้ง,107,6.3,12.94,3.38,0,"pork, garlic, chili, lime, coriander, chili, spring_onion, vermicelli"
ก๋วยเตี๋ยวเส้นใหญ่ ไก่ตุ๋นยาจีน,79,5.64,8.02,2.71,0,"chicken, garlic, chili, lime, coriander, chili, spring_onion, vermicelli, water, chinese_spice"
ก๋วยเตี๋ยวเส้นใหญ่่ ปลา น้ำ,68,3.6,10.45,1.32,0,"fish, noodle, garlic, chili, lime, coriander, chili, spring_onion, wide_rice_noodle, water, fish_ball"
ก๋วยเตี๋ยวเส้นใหญ่ ผัดซีอิ้ว,198,4.99,25.6,8.39,0,"wide_rice_noodle,pork, eggs, sugar, peper, garlic, kale, oil, soy sauce,
oyster sauce, baking powder"
ก๋วยเตี๋ยวเส้นใหญ่ ผััดซีอิ้ว ใส่ไข่,195,6.3,20.7,9.7,0,"wide_rice_noodle,pork, eggs, sugar, peper, garlic, kale, oil, soy sauce,
oyster sauce, baking powder"
ก๋วยเตี๋ยวเส้นใหญ่ เย็นตาโฟ น้ำ,73,3.09,8.65,2.89,0,"wide_rice_noodle, lime, salt, tomato paste, garlic, fish sauce, coriander, soy sauce, fish ball, squid, shrimp"
ก๋วยเตี๋ยวเส้นใหญ่ ราดหน้า กุ้ง,84,2.4,12.4,2.7,0,"wide_rice_noodle, salt, garlic, fish_sauce, coriander, soy_sauce, sugar, oil, shrimp, chili, pepper, all-purpose_flour, kale"
ก๋วยเตี๋ยวเส้นใหญ่ ราดหน้้า ไก่,109,3,11.5,5.7,0,"wide_rice_noodle, salt, garlic, fish_sauce, coriander, soy_sauce, sugar, oil, chicken, chili, pepper, all-purpose_flour, kale"
ก๋วยเตี๋ยวเส้นใหญ่ ราดหน้า หมู,112,3.29,13.28,5.12,0,"wide_rice_noodle, salt, garlic, fish_sauce, coriander, soy_sauce, sugar, oil, pork, chili, pepper, all-purpose_flour, kale"
ก๋วยเตี๋ยวเส้นใหญ่ ราดหน้า หมูสับ,96,3.11,12.48,3.76,0,"wide_rice_noodle, salt, garlic, fish_sauce, coriander, soy_sauce, sugar, oil, pork, chili, pepper, all-purpose_flour, kale"
ก๋วยเตี๋ยวเส้นใหญ่ ลูกชิ้น หมูตุ่น น้ำ,60,4.9,5.61,1.95,0,"pork, garlic, chili, lime, coriander, chili, spring_onion, wide_rice_noodle"
เกาเหลาหมู,32,3.01,1.94,1.37,0,"pork, chilli, shallot, fish_sauce, lime, spring_onion, basil, water"
ข้าวขาหมู,152,6.7,18.5,5.7,0,"pork, tofu, garlic, soy_sauce, sugar, chinese_five_spice, oil, seasoning_sauce, rice"
ข้าวคลุกกะปิ,191,6.61,25.21,7.11,0,"pork, shallot, ginger, oil, rice, shrimp paste, long bean, mango, chili, lime, dry shrimp"
ข้าวผัดหมู ,181,6.01,20.79,8.2,0,"rice, fish_sauce, soy_sauce, garlic, sugar, celery, onions, lime, oil, chili"
ข้าวราดแกงขี้เหล็ก,115,3.89,17.23,3.4,0,"cassia_leave, oil, curry_paste, coconut_milk, dried_shrimp, coconut_milk, salt, fish_sauce, sugar, kaffir_lime_leave, rice"
ข้าวราดแกงเขียวหวานไก่,133,5.22,19.25,3.9,0,"rice, coconut_milk, green_curry_paste, fish_sauce, sugar, salt, eggplant, chili, kaffir_lime_leave, "
ข้าวราดแกงคั่วกลิ้งหมู,159,3.93,25.13,4.71,0,"chicken, kaffir lime leave, oil, lemongrass, garlic, shallot, galangal, salt, pepper, shrimp paste, rice"
ข้าวราดแกงไตปลา,106,3.28,21.66,0.73,0,"mackerel, bamboo, brinjal, long_bean, kaffir_lime_leave, sugar, pepper, shallot, garlic, galangal, lemon_grass, turmeric, pepper_seed, water, shrimp_paste, rice"
ข้าวราดแกงเทโพหมูสามชั้น,85,1.93,14.2,2.28,0,"pork, morning glory, kaffir lime leave, coconut milk, tamarind juice, sugar, fish sauce, pepper, salt, shrimp paste, shallot, rice"
ข้าวราดแกงพะแนงหมู,136,7.29,20.84,2.65,0,"chili, lemon_grass, kaffir_lime_leave, shallot, garlic, pepper, coriander_root, salt, shrimp paste, pork, coconut_milk, fish_sauce, sugar, basil, sugar, rice"
ข้าวราดแกงส้มชะอมทอด,107,3.77,15.31,3.43,0,"lettuce, long_bean, shallot, chilli, tamarind, curry_paste, salt, shrimp, cabbage, acacia, egg, fish sauce"
ข้าวราดแกงส้มผักรวม,85,2.91,17.77,0.23,0,"lettuce, long_bean, shallot, chilli, tamarind, curry_paste, salt, shrimp, cabbage"
ข้าวราดแกงเหลือง,104,3.64,21.19,0.55,0,"fish, bamboo_shoot, water, curry_paste, salt, fish_sauce, sugar, tmarind, chili, lemon_grass, garlic, shrimp_paste, turmeric, rice"
ข้าวราดไข่เจียวสมุนไพร,210,5.06,24.65,10.1,0,"rice, egg, herb"
ข้าวราดต้มกะทิสายบัว,106,2.99,17.88,2.55,0,"fish, pepper, shallot, shrimp, coconut_milk, tamarind, salt, oil"
ข้าวราดทอดมันปลากราย,185,6.91,20.61,8.32,0,"fish, curry_paste, kaffir_lime_leave, sugar, fish_sauce, vinegar, salt, chili, long_bean, cucumber, rice"
ข้าวผัดกะเพราไก่,174,8.95,22.19,5.48,0,"rice, basil, chicken, oil, chili, soy sauce, oyster sauce,sugar, salt, peper"
ข้าวราดกะเพราตับ,192,6.57,27.19,6.3,0,"rice, basil, liver, oil, chili, soy sauce, oyster sauce,sugar, salt, peper"
ข้าวราดผัดคะน้าหมูกรอบ,165,8.89,15.15,4.19,0,"rice, kale, pork, oil, chili, soy sauce, oyster sauce,sugar, salt, peper"
ข้าวราดผัดฉ่าปลากะพง,192,7.33,26.27,6.38,0,"snapper, garlic, chili, green_peppercorn, basil, oyster_sauce, soy_sauce, fish_sauce, sugar"
ข้าวราดผัดฉ่าปลาดุก,130,6.78,12.65,5.86,0,"catfish, garlic, chili, green_peppercorn, basil, oyster_sauce, soy_sauce, fish_sauce, sugar"
ข้าวราดผัดเต้าหู้ไข่ทรงเครื่อง ,105,4.29,15.36,2.92,0,"tofu, oil, rice, garlic, onion, babycorn, carrot, oyster_sauce, soy_sauce, pepper, sugar, corn_flour"
ข้าวราดผัดถั่วงอกกับเต้าหู้,124,4,20.15,3.03,0,"rice, garlic, pork, shrimp, tofu, bean_sprout, oyster_sauce, soy_sauce, sugar, pepper, bell_pepper"
ข้าวราดผัดผักรวม,118,3.12,21.61,2.1,0,"cabbage, broccoli, carrot, asparagus, mushroom, bell chili, baby corn, ear mushroom, garlic, oil, soy sauce, sugar, salt, pepper, rice"
ข้าวราดผัดเผ็ดไก่กับหน่อไม้ดอง,150,5.21,21.73,4.68,0,"curry_paste, oil, coconut_milk, fish sauce, sugar, chicken, chili, krachai, pepper, kaffir_lime_leave, bamboo_shoot, rice"
ข้าวราดผัดเผ็ดปลาดุกสด,137,6.03,18.82,4.21,0,"curry_paste, oil, coconut_milk, fish sauce, sugar, catfish, chili, krachai, pepper, kaffir_lime_leave, rice"
ข้าวราดผัดเผ็ดหอยแมลงภู่,144,5.98,21.84,3.61,0,"curry_paste, oil, fish sauce, sugar, mussel, chili, krachai, pepper, kaffir_lime_leave, rice"
ข้าวราดผัดเผ็ดหอยลาย,141,2.63,22.23,4.65,0,"curry_paste, oil, fish sauce, sugar, baby_clam, chili, krachai, pepper, kaffir_lime_leave, rice"
ข้าวราดผัดพริกขิง ใส่ถั่วฝักยาว,132,2.72,21.02,4.13,0,"sugar, lemon_grass, chili, garlic, saltt, galangal, kaffir_lime_leave, shallot, coriander_root, shrimp_paste, chicken, long_bean, rice"
ข้าวราดผัดมะเขือยาวกับหมูสับ,145,3.2,23.25,4.33,0,"eggplant, pork, shallot, garlic, chili, shrimp_paste, fish_sauce, sugar, oyster_sauce, soy_sauce, rice"
ข้าวราดมะระกับไข่,159,4.57,17.66,7.8,0,"bitter_gourd, garlic, coriander_root, soy sauce, salt, egg, oyster_sauce, rice"
ข้าวราดยำไข่ดาว,174,5.44,20.58,7.8,0,"egg, lime, onino, squid, shrimp, celery, tomato, chili, fish_sauce, sugar, pork, rice"
ข้าวราดยำหมูยอ,144,4.37,18.43,5.9,0,"lime, onino,celery, tomato, chili, fish sauce, sugar, pork_sausage, rice"
ข้าวหมกไก่+อาจาด,158,6.94,19,6.07,0,"chicken, curry_powder, turmeric_powder, milk, shallot, butter, pepper, sugar, salt, coriander_seed, cinnamon, green_pepper, coriander, vinegar, mint, rice"
ข้าวหมูอบ,174,7.94,23.76,5.28,0,"pork, garlic, coriander_root, pepper, soy_sauuce, sugar, oil, rice"
ข้าวเหนียวชุบไข่ ปิ้ง,231,2.4,51.4,1.8,0,"sticky_rice, egg, fish_sauce"
หมี่กรอบ,505,2.9,57.1,29.4,0,"thin_rice_noodle, oil"
หมี่กรอบ ราดหน้า ทะเล,114,3.58,12.72,5.47,0,"fried_rice_noodle, salt, garlic, fish_sauce, coriander, soy_sauce, sugar, oil, shrimp, squid, chili, pepper, all-purpose_flour, kale"
หมี่กะทิ,173,3.9,24.5,6.6,0,"thin_rice_noodle, pork, egg, soy_sauce, coconut_milk, bean_sprout, coriander, chili, shallot, sugar, tamarind, oil"
หอยทอด,292,8.86,16.13,21.36,0,"mussel, egg, rice_flour, all-purpose_flour, pepper, saltt, soda, spring_onion, coriander"
แกงกะหรี่ ทูน่า,129,10.76,5.64,7.09,0,"chicken, curry_paste, coconut_milk, potato, carrot, onion, sugar, fish_sauce"
แกงเผ็ด เนื้อ,136,10.1,6.45,7.77,0,"beef, eggplant, basil, kaffir_lime_leave, chili, red_curry_paste, coconut_milk, sugar, fish_sauce"
แกงเลียง,30,1.44,5.36,0.35,0,"shallot, pepper, shrimp_paste, shrimp, fish_sauce, water, babycorn, gourd, basil"
ต้มข่า ทูน่า,104,7.26,3.82,6.64,0,"chicken, mushroom, onion, coconut_milk, galangal, lemon_grass, tomato, chili, coriander, salt, fish_sauce, sugar, lime"
ปลาซาบะ ในซอสมะเขือเทศ,187,16.7,0,13.37,0,"mackerel, tomato_sauce"
ปลาซาบะ ย่างซีอิ้ว,187,17.56,9.52,8.77,0,"teriyaki_sauce, cabbage, pepper, carrot, rice, mackerel"
ปลาซาร์ดีน ในซอสมะเขือเทศ,211,20.1,14.83,7.95,0,"sardines, tomato_sauce"
ปลาแซลมอน ย่าง,156,21.87,0,7.65,0,"salmon, salt"
ปลาดุกอุย ทอด รสเผ็ด,317,26.85,9.14,19.27,0,"catfish, salt, kaffir_lime_leave, pepper, garlic, soy_sauce, flour, oil"
ปลาทู 3 รส,149,11.52,10.68,6.7,0,"mackerel, chili, garlic, coriander, fish_sauce, sugar, tamarind_oil"
ปลาทูน่า แซนวิช ในน้ำมันพืช,177,19.06,1.1,10.67,0,"tuna, oil"
ปลาทูน่า เนื้อขาวชนิดก้อน ในน้ำแร่,115,27.93,0,0.4,0,"tuna, mineral_water"
ปลาทูน่า ในน้ำเกลือ ,129,30.71,0,0.67,0,"tuna, salt, water"
ปลาทูน่า ผสมกระเทียม,326,17.34,1.33,27.94,0,"tuna, garlic"
ปลาทูน่า ผัดพริกใบกะเพรา,200,11.95,8.84,12.97,0,"rice, basil, tuna, oil, chili, soy sauce, oyster_sauce,sugar, salt, peper"
ปลาทูน่า มายองเนส,158,9.16,5.28,11.12,0,"tuna, mayonnaise"
ปลาแมกเคอเรล ในซอสมะเขือเทศ,122,13.32,0.54,7.38,0,"mackerel, tomato_sauce"
ปลาแมคเคอเรลราดพริก,203,15.14,15.52,8.97,0,"mackerel, chili, shallot, garlic, coriander_root, sugar, tamarind, fish_sauce"
มัสมั่นทูน่า,235,1415,8.44,16.03,0,"tuna, tomato, coconut_milk, seasoning_sauce, curry_paste, sugar, oil, onion"
ลาบปลาดุก,153,12.33,5.68,9.05,0,"catfish, shallot, spring_onion, chili, basil, lime, fish_sauce, parsley, roasted_rice"
หอยแครง ปรุงรส,265,20.29,21.87,10.66,0,"cockle, salt"
ก๋วยเตี๋ยวผัดปู รวมถั่วงอกดิบ,243,2.94,44.1,6.12,0,"chili, shallot, garlic, oil, sugar, tamarind, water, salt, noodle, crab, gried_shrimp, cucamber, lettuce, bean_sprout"
แกงเขียวหวานหมู,136,6.31,0,12.32,0,"rice_noodle, coconut_milk, green_curry_paste, fish_sauce, sugar, salt,
eggplant, chili,
kaffir_lime_leave, pork
basil"
แกงบอน,39,1.55,7.53,0.32,0,"elephant_ear, water, fermented_fish_sauce, fish, tamarind, fish_sauce, sugar, salt, kaffir_lime_leave"
แกงหมูชะมวง,194,10.28,22.82,6.5,0,"pork, garcinia_cowa, curry_paste, water, fish_sauce, sugar, galangal, lemon_grass, garlic, shallot, chili, shrimp_paste"
ขนมจีนซาวน้ำ,120,2.5,17,4.6,0,"rice_noodle, dried_shrimp, ginger, garlic, pineapple, coconut_milk, sugar, fish_sauce"
ขนมจีนน้ำพริก,168,3.58,19.06,8.57,0,"shallot, garlic, galangal, coriander_root, shrimp, coconut_milk, peanut, kaffir_lime_leave, coriander, rice_noodle"
ขนมจีนน้ำพริก รวมผัก,95,2.4,8.07,5.4,1,"shallot, garlic, galangal, coriander_root, shrimp, coconut_milk, peanut, kaffir_lime_leave, coriander, rice_noodle, cabbage, eggplant"
ขนมจีนน้ำยา,95,2.4,9.07,5.4,0,"rice_noodle,coconut milk, red curry paste, fish sauce, sugar, salt, fish, fish ball, chili,
kaffir lime leave,
basil"
ขนมจีนน้ำยา รวมผัก,80,2.7,9.2,3.6,0,"rice_noodle,coconut milk, red curry paste, fish sauce, sugar, salt, fish, fish ball, chili,
kaffir lime leave,
basil,  eggplant, cabbage"
เต้าเจี้ยว หลน,72,3.52,7.95,2.94,0,"pork, soy_sauce, shallot, pepper, kaffir_lime_leave, egg, coconut_milk"
ห่อหมก ปลาช่อน ใบยอ,126,9.9,0,9.6,0,"red_curry_paste, fish, coconut_milk, palm_sugar, fish_sauce, egg, kaffir_lime_leave, cabbage, basil"
แกงไก่ใส่หยอกกล้วย,124,6.74,0,10,0,"chicken, water, oil, chili, salt, garlic, shallot, lemgrass, shrimp_paste, fish_sauce, banana_stalk"
แกงไข่ (ไข่เป็ด),158,8.17,6.77,10.96,0,"curry_paste, egg, coconut_milk, basil, kaffir_lime_leave, chili, water, palm_sugar, shrimp_paste"
แกงไตปลา,50,5.28,1.33,2.21,0,"mackerel, bamboo, brinjal, long_bean, kaffir_lime_leave, sugar, pepper, shallot, garlic, galangal, lemon_grass, turmeric, pepper_seed, water, shrimp_paste"
แกงน้ำเคย (แกงเคยปลา),39,6.97,1.15,0.69,0,"shrimp_paste, curry_paste, eggplant, kaffir_lime_leave, galangal, lemon_grass, garlic, palm_sugar"
แกงเหลืองใส่ปลา,41,7.8,1.32,0.14,0,"fish, bamboo_shoot, water, curry_paste, salt, fish_sauce, sugar, tmarind, chili, lemon_grass, garlic, shrimp_paste, turmeric"
ไก่กอและ,233,23.02,13.25,9.79,0,"red_curry_paste, chili, shallot, garlic, salt, turmeric, coriander_seed, cinnamon, cumin, ginger, oil, chicken, coconut_milk, sugar, fish_sauce, tamarind"
ขนมจีนน้ำยากะทิ,75,3.2,6.59,3.31,0,"rice_noodle,coconut_milk, red_curry_paste, fish_sauce, sugar, salt, fish, fish_ball
eggplant, chili,
kaffir_lime_leave,
basil"
ข้าวยำคลุก,152,4.96,32.99,0,0,"lemon_grass, bean_sprout, betel_leave, kaffir_lime_leave, pomelo, acacia_seed, long_bean, coconut, sesame, cashew, chili, shrimp_paste, shallot, sugar, lime, galangal, tamarind"
ผัดคั่วกลิ้ง เนื้อวัว,147,21.72,2.74,4.63,0,"beef, kaffir lime leave, oil, lemongrass, garlic, shallot, galangal, salt, pepper, shrimp paste"
ผัดหมี่ไทย,208,3.35,35.15,5.96,0,"thin_rice_noodle, egg, chili, challot, oil, fish_sauce, sugar, tofu, spring_onion, bean, tamarind, shrimp, squid"
เส้นหมี่ ผัดซีอิ้ว,164,2.4,33.9,2.09,0,"thin_rice_noodle,pork, eggs, sugar, peper, garlic, kale, oil, soy sauce,
oyster sauce, baking powder"
แกงขนุนอ่อน,49,2.45,3.19,2.94,0,"pork, jackfruit, acacia, tomato, parsley, chili, shallot, garlic, shrimp_paste, betel_leave"
แกงผักกาดจอ,53,2.8,2.39,3.2,0,"bog_choy, garlic, shallot, shrimp_paste, water, pork, salt, peanut, tamarind, chili"
ขนมจีน น้ำเงี้ยว,107,2.71,5.2,8.42,0,"curry_paste, oil, pork, opera_flower, tomato, water, sugar, salt, chicken_blood, spring_onion, corian, garlic, chili, cabbage, lime, bean_sprout, rice_noodel"
ไส้อั่ว,420,18,5.75,36.1,0,"pork, intestine, chili, coriander_root, kaffir_lime_leave, lemongrass, shallot, garlic, shrimp_paste, salt"
ก้อยอีสาน,105,15.8,7.4,1.4,0,"beef, beef_blood, liver, chili, roated_rice, spring_onion, kaffir_lime_leave"
แกงกล้วยกับไก่,105,5.17,5.41,6.94,0,"chicken, banana, coconut_milk, fis_sauce, sugar, kaffir_lime_leave, chili, pepper, shallot, garlic, galangal, lemon_grass, salt, shrimp_paste, turmeric"
แกงเผือก ใส่ปลา,50,4.11,7.65,0.32,0,"curry_paste, fish, taro, fish_sauce, tamarind, palm_sugar"
แกงหน่อไม้,26,1.41,3.9,0.51,0,"bamboo_shoot, fermented_fish_sauce, yaa_nang_leave, salt, fish_sauce, lime, parsley, spring_onion, mint, roated_rice, chili"
แกงหอยขม,45,5.41,5.14,0.26,0,"cockle, acasia, coconut, curry_paste, pepper, coconut_milk, palm_sugar, fish_sauce, water"
แกงอ่อม เนื้อ,55,3.54,2.01,3.63,0,"beef, water, galangal, lemon_grass, kaffir_lime_leave, coriander_root, parsley, coriander, spring_onion, oil, chili, shallot, garlic, salt"
แกงอ่อม ปลา,53,4.73,0.02,3.8,0,"fish, water, galangal, lemon_grass, kaffir_lime_leave, coriander_root, parsley, coriander, spring_onion, oil, chili, shallot, garlic, salt"
ซุปมะเขือ/ยำมะเขือเปราะ,40,2.64,5.81,0.7,0,"eggplant, water, shallot, garlic, chili, roated_rice, fermented_fish_sauce"
ซุปมะเขือยาว,59,3.34,10.59,0.41,0,"eggplant, water, shallot, garlic, chili, roated_rice, fermented_fish_sauce"
ตำมะเขือพวง,94,8.32,6.5,2.23,0,"eggplant, chili, garlic, shrimp_paste, oil"
ลาบเนื้อ รวมผักสด,112,12.4,5.96,4,0,"beef, shallot, spring_onion, chili, basil, lime, fish_sauce, parsley, roasted_rice, long_bean, cucumber, caggage"
ลาบเลือด อีสาน,99,15.7,6.4,1.2,0,"beef, shallot, spring_onion, chili, basil, lime, fish_sauce, parsley, roasted_rice, long_bean, cucumber, caggage, beef_blood"
ส้มตำ ปลาร้า,36,2.15,4.11,0.64,0,"papaya, carrot, sting bean, fish sauce, sugar, lime, tomato, shrimp, penut, chili, garlic, pickled fish"
ไส้กรอก อีสาน,398,17.3,13.5,30.5,0,"intestine, pork, rice, garlic, pepper, soy_sauce, oyster_sauce, sugar, salt"
ห่อหมกไข่ปลา,230,13.26,0,19.69,0,"red_curry_paste, fish, coconut_milk, palm sugar, fish_sauce, egg, kaffir_lime_leave, cabbage, basil"
ไก่นุ่มสะโพก KFC,283,21,6,19,0,"chicken, oil, salt, flour, thigh"
ไก่นุ่มอก KFC,330,33,11,17,0,"chicken, oil, salt, flour, breast"
ไก่นุ่มน่อง KFC,160,14,4,10,0,"chicken, oil, salt, flour, drumstick"
ไก่นุ่มปีก KFC,230,188,6,15,0,"chicken, oil, salt, flour, wing"
ไก่กรอบสะโพก KFC,320,19,10,22,0,"chicken, oil, salt, flour, thigh"
ไก่กรอบอก KFC,340,26,18,18,0,"chicken, oil, salt, flour, breast"
ไก่กรอบน่อง KFC,170,13,6,10,0,"chicken, oil, salt, flour, drumstick"
ไก่กรอบปีก KFC,230,15,9,15,0,"chicken, oil, salt, flour, wing"
วิงซ์แซ่บ KFC,100,7,5,6,0,"chicken, oil, salt, flour"
ไก่ป๊อป KFC,300,15,23,16,0,"chicken, oil, salt, flour"
ฟิช ฟิงเกอร์ KFC,180,8,16,9,0,"fish, potato, salt, pepper, oil, all-purpose_flour, egg"
นักเก็ตส์ KFC,45,3,3,2.5,0,"chicken, all-purpose_flour, seasoning"
ซิงเกอร์เบอร์เกอร์ KFC,530,25,46,27,0,"burger_bun, chicken, tomato, lettuce"
ข้าวยำไก่แซ่บ KFC,640,25,94,18,0,"rice, chicken, oil, lime, fish_sauce, sugar, shallot, spring_onion, chili, roated_rice, mint"
เฟรนช์ฟรายส์ ปกติ KFC,150,2,21,6,0,"potato, oil, salt"
เฟรนช์ฟรายส์ ใหญ่ KFC,230,3,33,10,0,"potato, oil, salt"
เฟรนช์ฟรายส์ จัมโบ้ KFC,350,5,50,14,0,"potato, oil, salt"
มันบด KFC,210,5,44,1.5,0,"potato, butter, cream, salt"
ทาร์ตไข่ KFC,170,3,18,10,0,"pine_flour, egg, milk, sugar, vanila, butter"
ชีสเบอร์เกอร์ mcdonald,300,15,32,13,0,"burger_bun, cheese, pork, tomato, bell_pepper"
ดับเบิ้ล ชีสเบอร์เกอร์ mcdonald,430,25,34,24,0,"burger_bun, cheese, pork, tomato, bell_pepper"
บิกแมค mcdonald,530,25,45,30,0,"burger_bun, pork, lettuce, cheese"
แมคฟิช mcdonald,370,16,39,18,0,"burger_bun, fish, cream_sauce"
แมคไก่ mcdonald,370,14,39,21,0,"burger_bun, chicken, tomato, lettuce"
แมคสไปซี่ ชิกเกน เบอร์เกอร์ mcdonald,510,27,47,26,0,"burger_bun, chicken, tomato, lettuce, chili, cream_sauce"
แมคนักเก็ต mcdonald,280,14,15,15,0,"chicken, all-purpose_flour, seasoning"
เฟรนช์ฟรายส์ เล็ก mcdonald,230,3,29,10,0,"potato, oil, salt"
เฟรนช์ฟรายส์ กลาง mcdonald,340,5,43,15,0,"potato, oil, salt"
เฟรนช์ฟรายส์ ใหญ่ mcdonald,510,7,66,23,0,"potato, oil, salt"
